app,runtime(s)
bfs_24,2.855690021
XSBench_large,47.205093120
cc_sv_24,54.559124561
bc_24,61.707393926
pr_24,65.279609567
