app,runtime(s)
pr_26,584.451153398
XSBench_large,752.152902225
pr_spmv_26,784.617075939
spec_649,1116.582708049
bc_28,1906.245046693
cc_sv_28,2493.254524296
