app,runtime(s)
pr_26,460.179540001
spec_649,777.828794867
bc_28,1578.232386528
cc_sv_28,2175.064527389
spec_638,2790.595879447
tc_26,8142.997343673
