app,runtime(s)
bfs_26,19.214612776
pr_26,455.518457137
XSBench_large,584.665341270
spec_603,1356.769587801
bc_28,1712.914998876
cc_sv_28,2256.355468259
