app,runtime(s)
pr_26,371.972557871
sssp_28,782.303985735
spec_628,1262.106925736
bc_28,1343.015795828
spec_644,1343.334884502
spec_638,2762.349975096
