app,runtime(s)
pr_26,444.978920828
spec_649,818.975308694
bc_28,1717.429724200
cc_sv_28,2093.710147692
spec_638,2791.483371236
tc_26,7997.170035360
