app,runtime(s)
bfs_26,14.556176958
pr_26,445.733217639
XSBench_large,572.977143699
spec_603,1558.101574917
bc_28,1643.596225940
cc_sv_28,2183.652449258
