app,runtime(s)
pr_26,367.958570524
sssp_28,773.757567984
spec_628,1260.349482475
spec_644,1342.290472242
bc_28,1344.807072993
spec_638,2805.825534861
