app,runtime(s)
pr_26,498.866561534
XSBench_large,652.377183384
pr_spmv_26,678.993464428
spec_649,1270.137190609
bc_28,1824.344853315
cc_sv_28,2428.919242382
