app,runtime(s)
pr_26,411.811613925
spec_649,958.703930983
bc_28,1574.496058306
cc_sv_28,2132.870915002
spec_638,2780.413294963
tc_26,8037.104032310
