app,runtime(s)
pr_26,377.457993635
sssp_28,799.809706825
spec_628,1259.063330199
bc_28,1335.389642378
spec_644,1342.276569881
spec_638,2762.293857702
