app,runtime(s)
bfs_26,16.399074755
pr_26,446.508135328
XSBench_large,573.582621164
spec_603,1397.254860373
bc_28,1724.542721269
cc_sv_28,2228.649839669
