app,runtime(s)
pr_26,591.946710184
pr_spmv_26,766.218039343
XSBench_large,783.738128417
spec_649,926.693552767
bc_28,2016.882321993
cc_sv_28,2588.800123217
