app,runtime(s)
pr_26,439.103098720
spec_649,785.611809545
bc_28,1513.216885575
cc_sv_28,2105.077772474
spec_638,2789.385233482
tc_26,8065.020378338
