app,runtime(s)
pr_26,595.848168183
pr_spmv_26,767.685540739
XSBench_large,791.304397819
spec_649,935.205846090
bc_28,2054.493955482
cc_sv_28,2589.524578474
