app,runtime(s)
bfs_26,16.525446836
pr_26,464.440222708
XSBench_large,576.239254483
spec_603,1358.447438381
bc_28,1736.531157048
cc_sv_28,2267.833765439
