app,runtime(s)
pr_26,371.671452681
sssp_28,754.347503280
spec_628,1264.007983695
bc_28,1339.240823378
spec_644,1342.851983993
spec_638,2762.802589049
