app,runtime(s)
pr_26,482.988654277
XSBench_large,671.587942707
pr_spmv_26,676.673655898
spec_649,916.967864221
bc_28,1668.760297472
cc_sv_28,2309.025164151
