app,runtime(s)
pr_26,384.800658967
sssp_28,768.342038599
spec_628,1254.551460894
spec_644,1342.777732487
bc_28,1389.499230570
spec_638,2785.806655057
