app,runtime(s)
pr_26,500.170501034
spec_649,795.387118040
bc_28,1706.442820092
cc_sv_28,2270.156659172
spec_638,2792.221956496
tc_26,8364.424375188
