app,runtime(s)
bfs_26,15.701270932
pr_26,455.675170604
XSBench_large,547.372835131
spec_603,1454.963281438
bc_28,1730.911441350
cc_sv_28,2212.896999268
